{"cameraMode":{"drawMode":0,"name":"Shaded","section":"Shading Mode"},"sceneLighting":false,"audioPlay":false,"sceneViewState":{"showFog":true,"showMaterialUpdate":false,"showSkybox":true,"showFlares":true,"showImageEffects":true,"showParticleSystems":true},"in2DMode":false,"pivot":{"x":0.47200000286102297,"y":2.151733875274658,"z":0.6716991066932678},"rotation":{"x":-0.1479601263999939,"y":0.7116010785102844,"z":-0.15749165415763856,"w":-0.668526828289032},"size":3.9982125759124758,"orthographic":false}