{"cameraMode":{"drawMode":0,"name":"Shaded","section":"Shading Mode"},"sceneLighting":false,"audioPlay":false,"sceneViewState":{"showFog":true,"showMaterialUpdate":false,"showSkybox":true,"showFlares":true,"showImageEffects":true,"showParticleSystems":true},"in2DMode":false,"pivot":{"x":0.5579999685287476,"y":0.059000007808208469,"z":0.49000000953674319},"rotation":{"x":-0.1479601263999939,"y":0.7116010785102844,"z":-0.15749165415763856,"w":-0.668526828289032},"size":2.201597213745117,"orthographic":false}