{"cameraMode":{"drawMode":0,"name":"Shaded","section":"Shading Mode"},"sceneLighting":false,"audioPlay":false,"sceneViewState":{"showFog":true,"showMaterialUpdate":false,"showSkybox":true,"showFlares":true,"showImageEffects":true,"showParticleSystems":true},"in2DMode":false,"pivot":{"x":0.7753198146820068,"y":2.8981242179870607,"z":3.5707459449768068},"rotation":{"x":-0.027545956894755365,"y":0.9634386301040649,"z":-0.10914898663759232,"w":-0.24313336610794068},"size":1.9523247480392457,"orthographic":false}