{"cameraMode":{"drawMode":0,"name":"Shaded","section":"Shading Mode"},"sceneLighting":false,"audioPlay":false,"sceneViewState":{"showFog":true,"showMaterialUpdate":false,"showSkybox":true,"showFlares":true,"showImageEffects":true,"showParticleSystems":true},"in2DMode":false,"pivot":{"x":0.5199999809265137,"y":2.059999942779541,"z":2.9295740127563478},"rotation":{"x":-0.23811651766300202,"y":0.6392809748649597,"z":-0.2181190699338913,"w":-0.6978857517242432},"size":9.071070671081543,"orthographic":false}