{"cameraMode":{"drawMode":0,"name":"Shaded","section":"Shading Mode"},"sceneLighting":false,"audioPlay":false,"sceneViewState":{"showFog":true,"showMaterialUpdate":false,"showSkybox":true,"showFlares":true,"showImageEffects":true,"showParticleSystems":true},"in2DMode":false,"pivot":{"x":0.47200000286102297,"y":2.151733875274658,"z":0.5468178987503052},"rotation":{"x":-0.25919607281684878,"y":0.601894736289978,"z":-0.2154950648546219,"w":-0.7239488959312439},"size":3.799544334411621,"orthographic":false}