{"cameraMode":{"drawMode":0,"name":"Shaded","section":"Shading Mode"},"sceneLighting":false,"audioPlay":false,"sceneViewState":{"showFog":true,"showMaterialUpdate":false,"showSkybox":true,"showFlares":true,"showImageEffects":true,"showParticleSystems":true},"in2DMode":false,"pivot":{"x":0.5199999809265137,"y":2.059999942779541,"z":2.9295740127563478},"rotation":{"x":-0.027545956894755365,"y":0.9634386301040649,"z":-0.10914898663759232,"w":-0.24313336610794068},"size":0.2897317707538605,"orthographic":false}