{"cameraMode":{"drawMode":0,"name":"Shaded","section":"Shading Mode"},"sceneLighting":false,"audioPlay":false,"sceneViewState":{"showFog":true,"showMaterialUpdate":false,"showSkybox":true,"showFlares":true,"showImageEffects":true,"showParticleSystems":true},"in2DMode":false,"pivot":{"x":-3.5882997512817385,"y":1.2243000268936158,"z":2.397930145263672},"rotation":{"x":0.03213462978601456,"y":0.6787856221199036,"z":-0.029758721590042115,"w":0.733029305934906},"size":5.419068336486816,"orthographic":false}